power,pitch_mean,pitch_sd,voiced_fr,tempogram,label
0.013121150170412023,182.3768087775216,49.32795321686972,0.7520278099652375,0.18524685686580145,Harry
0.004868942562568401,176.1978473799066,46.430793054024406,0.7466986794717887,0.1983262299459631,Harry
0.027796710250798193,289.23352336253606,79.00502534837472,0.77129750982962,0.11575807893573437,Harry
0.026202221903906392,297.7199937000076,63.46959190674923,0.8725038402457758,0.13589044293725436,Harry
0.0725817319746809,174.58376990605814,34.89715512843218,0.7865497076023392,0.20974250072079134,Harry
0.0202235117149255,164.10263753718328,27.69654784817545,0.6315077755240027,0.1763199595493714,Harry
0.051914391014835394,172.2308346850232,31.327438396538135,0.8556925308194344,0.22986968784525044,Harry
0.05814220776185921,173.37091878147504,43.38295964374298,0.8680167597765364,0.26929513584537357,Harry
0.0312901656926884,136.5833749942348,41.03150367340873,0.6872673119880863,0.20017756475141366,Harry
0.18316508257177996,237.17207667586314,60.37116241513497,0.9138461538461539,0.23143393298885254,Harry
0.07704549655605483,218.72135253342708,58.45767609728533,0.911402157164869,0.20651351452549963,Harry
0.0470127340633261,190.45885372433975,50.59483797145416,0.75518341307815,0.18167119786612448,Harry
0.04423101821748337,168.1522124621881,32.22227090967132,0.9406360424028268,0.24063107967213057,Harry
0.02110542228373334,141.5959381594335,31.653455715390603,0.7735703245749613,0.18419906653202994,Harry
0.011107281188832814,129.29011334405703,28.263522400437548,0.5698924731182796,0.16872382013944182,Harry
0.033276716056488645,148.0229476182433,39.38285464990996,0.5957602339181286,0.13517076178683238,Harry
0.025085939342392487,326.0120572121686,38.656042681102086,0.7710750193348801,0.15850373378405888,Harry
0.013049826902501723,335.4956432049426,51.17131906931296,0.871616395978345,0.18737214652486023,Harry
0.036522329820121956,330.65099105585404,66.8284060357772,0.7252747252747253,0.21294880185875467,Harry
0.019411631867285225,331.46706989156525,61.73845842485448,0.8823981552651806,0.21219594484030535,Harry
0.04090908800926496,179.6844248079377,41.655961090442965,0.6787671232876712,0.16514285450865365,Harry
0.03076715620793961,184.60444006207098,39.6937053983877,0.7135450421257291,0.15885549047079017,Harry
0.02502787274307409,168.8759567778937,47.8744568612368,0.7711748633879781,0.2119099421536847,Harry
0.07838983990584784,180.25223994603525,46.665905007580605,0.8502269288956127,0.2716220735276255,Harry
0.038883315030841574,210.5520396095871,46.52139380699396,0.8259430840502978,0.2775642878139889,Harry
0.06417982743428358,319.54851618514056,63.14569966408836,0.8372703412073491,0.23019475871794134,Harry
0.011805028965075811,139.60519268310765,23.54390168071971,0.7267404033832141,0.123733705954552,Harry
0.010724614063898722,157.33270694212314,38.21343664673342,0.7267404033832141,0.08573766391545112,Harry
0.029548383255416647,180.87387970506174,40.38580185609951,0.8328197226502311,0.21010875214123145,Harry
0.027445236841837566,180.700324183319,47.81814209970331,0.8704703161141095,0.18948874523763826,Harry
0.023611650310578894,291.5299831074587,53.10108667191221,0.891218872870249,0.19738279629259667,Harry
0.05784837460967065,178.610761253313,37.1324518381567,0.7888631090487239,0.2709448642037478,Harry
0.047000431589773316,188.15428812157367,40.24632983638627,0.7935034802784223,0.26560962487221007,Harry
0.04891778942115768,185.51768996420313,33.30788889704454,0.8839285714285714,0.19383545534818358,Harry
0.03776593208312988,151.57927742090166,24.96284433105349,0.8736223365172667,0.16718923489313592,Harry
0.05019096447501355,140.69627178733435,27.932956925744392,0.8078372268274303,0.12526826253156428,Harry
0.03350056393045775,272.4550600825847,46.606597215378194,0.850609756097561,0.18724747052450225,Harry
0.041878709143635194,164.87208099995723,24.361052328152102,0.832378223495702,0.2284234154273251,Harry
0.027245962682313173,168.17243187761542,27.395387651555875,0.8236514522821576,0.25524558084451426,Harry
0.043736285579507136,126.13101977538642,33.53985803613143,0.6038487060384871,0.20584596063110183,Harry
0.03886204893658294,145.86083045176662,42.63645862825261,0.6973684210526315,0.16915159345994343,Harry
0.038867772027919384,176.60930971031857,39.09244035825428,0.9265988372093024,0.2970087446149633,Harry
0.01709945748746422,135.47345754975828,30.585741672939303,0.8072696534234995,0.2331130325068666,Harry
0.01411214268668049,131.14180210276308,28.26344506400589,0.4265788454087563,0.11735051302824212,Harry
0.03640594470676001,272.9076436876629,57.28268125283959,0.6671814671814672,0.2690659693033198,Harry
0.036129290368951184,182.93842167707476,49.956337138868214,0.7987711213517665,0.22069051971731993,Harry
0.03595369793918471,142.07938857687424,34.51505415416518,0.7005113221329438,0.17970335569958715,Harry
0.039477471199093686,176.06067764704414,45.09921149441902,0.8459837877671333,0.17322851895864483,Harry
0.0651266234786858,163.58757563834467,36.50944293551948,0.8351309707241911,0.1366300891808254,Harry
0.03743613692764742,160.9838608058873,34.80823903865399,0.727204783258595,0.21002352269221258,Harry
0.03605077098383466,180.32251583431923,40.74505226720771,0.7843137254901961,0.22347198497225965,Harry
0.03992543782821263,180.13118306302403,46.52661504979458,0.8618266978922716,0.12932397442699528,Harry
0.05788162024013861,192.38235293438237,50.39288754429989,0.8104229607250756,0.2614818342579384,Harry
0.007037856609027905,144.7194736634068,47.62347108295004,0.10131477184841454,0.2505889446892799,Harry
0.059672038886870754,171.40343960484205,38.62737505768777,0.8707671043538355,0.20368833701031702,Harry
0.028530496065733862,173.1455449754599,36.89858386456746,0.9074074074074074,0.24261980675863734,Harry
0.028963464373577528,193.60511490509802,55.65050535637452,0.8099644128113879,0.1301722684599394,Harry
0.04120345085973221,160.6725146002489,40.95286656942088,0.8654311039484287,0.2778442197391464,Harry
0.039799480622698266,157.07578659103882,38.412876613787176,0.7439384979302188,0.19876989630738043,Harry
0.024417088577054297,334.1478314533865,65.61970557231427,0.7887240356083086,0.1784708817273283,Harry
0.09333490855696916,183.89107535910298,45.777597734308976,0.8384710234278668,0.2224301725621466,Harry
0.13633632733441356,187.40041552168424,50.03135138520022,0.9060092449922958,0.1736379534783208,Harry
0.03499779474504918,332.42267781430786,65.24502048364337,0.8415622697126013,0.18943610249879433,Harry
0.03668828611676304,327.6492658469478,59.03274731123169,0.8276661514683153,0.20255604371528224,Harry
0.05798531421329908,314.0663379419967,68.93131348395872,0.8233995584988962,0.23442265557784567,Harry
0.05502196432380546,319.49568223456197,67.79274070119,0.7271487039563438,0.2921535722075175,Harry
0.02147010077615182,323.21293675088134,62.7567069058272,0.6914600550964187,0.2602705483865077,Harry
0.03959858425888308,167.20788997723116,62.47304053648363,0.8764044943820225,0.28984558499559426,Harry
0.04096189066141594,188.2953063518029,50.9539973276657,0.8488453463960812,0.27197516134822325,Harry
0.07441042588322719,172.78348045425741,38.578381069727236,0.9353233830845771,0.19510056452874266,Harry
0.0832963045733063,156.61954589203148,39.29731950093782,0.8580375782881002,0.18195645106430455,Harry
0.008606143370934544,126.4940496903999,33.08203491608348,0.4752252252252252,0.22236772123923967,Harry
0.0023147366150420004,126.1143213604263,27.429171425846555,0.6305609284332688,0.2265162038819127,Harry
0.03379044377324796,165.1493057155731,31.777783142319848,0.7878787878787878,0.138790860188561,Harry
0.021583996816741977,292.57968504094873,59.471834826443946,0.743811168681635,0.20240164645627598,Harry
0.03154711481491931,193.17802116540236,53.36453834956747,0.5801232665639445,0.2775511562348323,Harry
0.04954762046626406,194.63274682941127,47.604971674179964,0.8906497622820919,0.2419030522998246,Harry
0.11078493094738619,334.01282632911256,65.34253533182697,0.8553803975325566,0.2539111074853955,Harry
0.058163758265466554,328.0340883927207,63.85986313159059,0.8746418338108882,0.19857850814933797,Harry
0.03886902358182295,315.9760092645914,61.758379234807826,0.8798313422347154,0.18373086694092747,Harry
0.0009756543893883774,158.08953390008492,45.08189895558644,0.6515748031496063,0.19236976580177384,Harry
0.03832764495857966,178.04717723118094,38.58751616879158,0.6972087378640777,0.20854346310426197,Harry
0.03023354920949877,153.29434634089804,33.05845095034377,0.8363903154805576,0.08322088884034709,Harry
0.0540660185923777,176.54641342872236,36.47349529501563,0.7322557976106817,0.2285889874728769,Harry
0.02921081520146224,131.27681671681836,33.51355438985391,0.8467625899280575,0.1751082179680991,Harry
0.07203542417194547,159.9554270275322,27.154938814933455,0.7517136329017517,0.11532138537577348,Harry
0.04544894293812462,154.7993095660568,34.1369838373043,0.7996918335901386,0.21952247773890116,Harry
0.0018169190175983355,172.73654446861528,38.20573495908518,0.5837346174424826,0.25812928757201803,Harry
0.04139461841612732,324.74599142915383,66.07633302387562,0.8525096525096525,0.20142347130558902,Harry
0.05088462416871438,336.5948145295292,64.66043463606835,0.7722007722007722,0.2425013308694892,Harry
0.103243905611989,159.9384860136996,30.468556133714188,0.6950943396226416,0.1530866035005857,Harry
0.018995341038963047,216.33202274711644,31.2571290980859,0.8079514824797843,0.21783928830108565,Harry
0.0290136545986355,287.3731476283575,43.19998912610079,0.7089820359281437,0.20609449184519377,Harry
0.028044103483799373,215.6014501184949,37.196141712241726,0.6836544437538844,0.20749148501681677,Harry
0.06453318690644465,240.8402450393008,58.080138484788726,0.8457742134484886,0.2592682607250175,Harry
0.053347597917935016,129.59138050464801,21.42025340993651,0.6822358346094947,0.27430141545250064,Harry
0.028327300503885437,181.81920527538105,40.76968329342806,0.6640211640211641,0.16975943187761652,Harry
0.018340957140703162,320.66263598482743,64.88058410584135,0.9414934565050038,0.25923838293672585,Harry
0.044822236383938,128.94128941449893,56.627685149653466,0.6600735970561178,0.2004940103880944,Harry
0.04042640193275513,186.95335046634546,46.41901932402673,0.8111475409836065,0.11124422998104112,Harry
0.044591852599036544,108.65560296501464,18.020366037959597,0.5373032169746749,0.11187246220073703,Harry
0.04164416747859219,235.28468405933612,44.67212547175355,0.8771121351766513,0.21664444015989565,Harry
0.037437577520308574,317.41579444491396,63.00416198432565,0.8046332046332046,0.2897200402596668,Harry
0.03248078040634803,323.28188964411964,69.6822929873003,0.841820987654321,0.2685574966843191,Harry
0.051857353163711505,320.6191410248956,65.1484853102524,0.9305873379099924,0.3029943681878914,Harry
0.027345716550542926,259.4458362561215,68.4512296797712,0.7383040935672515,0.0713882316626546,Harry
0.019455105852686005,260.8157324459227,60.663241442765575,0.8804985337243402,0.11364831364821538,Harry
0.04166421566837956,253.44307766235215,58.6281535297309,0.9347826086956522,0.24707698447315513,Harry
0.023346646210350337,106.21386656740181,26.8580091789491,0.9375975039001561,0.24322945466009385,Harry
0.030477040338856155,127.4199337978503,59.39711146431257,0.9376927822331894,0.2243443629911388,Harry
0.020503593452766408,374.80081848020296,56.22110639067274,0.7109417528579205,0.23425084541965593,Harry
0.02890859180997115,129.84390111247862,29.59196557880033,0.6407685881370092,0.20295187277593638,Harry
0.012632139596734936,235.2427291743942,31.266202438653202,0.7608861726508785,0.18921929061038575,Harry
0.03269044706754595,197.58317100542385,53.51059824064312,0.852975495915986,0.24373147501711814,Harry
0.029020864832619463,188.49166542914588,45.84742683216531,0.8370739817123857,0.2556654776538862,Harry
0.04033204478098621,279.3411041823239,64.24765253211301,0.7975460122699386,0.16701594713600681,Harry
0.039928498441444506,281.99697341288976,65.34082382072643,0.7816341287057122,0.22531165249323162,Harry
0.04330404011442092,172.58884980289477,33.1447796038734,0.8014084507042254,0.1638952053647498,Harry
0.0380171439774855,187.52190876827603,48.10672980736792,0.8213213213213213,0.12725029854298978,Harry
0.05928242362512062,161.95260013944022,33.537258763159805,0.8470894874022589,0.21263742844374445,Harry
0.012068618979344902,144.4413017245241,26.06159434637081,0.9546762589928057,0.1747431204121107,Harry
0.018521454076164744,184.77483070370184,41.492462004277264,0.8051948051948052,0.20066426033850904,Harry
0.033829732864713344,199.9825823226338,47.53400506640474,0.8885542168674698,0.28001279866157675,Harry
0.02928358875621449,201.20626276169952,49.429561107831006,0.8662790697674418,0.23875424855384494,Harry
0.06518128234334662,192.17466176944066,47.59569730095416,0.8355525965379494,0.27343639753197024,Harry
0.04621783239330223,186.22142839886692,47.38726596942931,0.8237650200267023,0.24550430669166978,Harry
0.025685223870077094,190.68987332625957,43.31000210021638,0.7917555081734187,0.24242627719781626,Harry
0.053840004129144095,164.87317985199965,34.10696737469016,0.7016185784658691,0.2040704552893363,Harry
0.06805659208570083,193.82465881909053,47.3188352630056,0.8505034856700232,0.1580924256462649,Harry
0.05260253884560179,227.3370938771751,39.45105089014379,0.8821022727272727,0.19623431265017097,Harry
0.07515592124840732,224.24118927108591,37.83567892739476,0.9142244460328807,0.19999715877667865,Harry
0.03695515864566352,118.77594645859212,24.92880450001731,0.6211453744493393,0.26282614951186534,Harry
0.050516837788587975,202.5288403582568,46.79565667312358,0.7087378640776699,0.13812177500396947,Harry
0.01721780375044373,327.1993394377401,70.75359285782383,0.6541164658634538,0.23507085629839333,Harry
0.03338028860036652,320.6658484034895,74.13558964945173,0.8510762070971495,0.2767949788675911,Harry
0.031742518138021814,333.82382945692376,68.0056566826831,0.8679245283018868,0.21314348043197429,Harry
0.029436578626054474,324.96637764144015,67.98833028786238,0.8094362745098039,0.213647526232011,Harry
0.001961297017263356,107.62876897985909,14.832539463078726,0.46143057503506313,0.12422419541948408,Harry
0.015466235170307046,334.6935910313177,43.92428662379456,0.8968192397207138,0.23932082656062362,Harry
0.006453159894147502,149.49310973183475,32.577050002736854,0.7318563789152025,0.15598493535844932,Harry
0.0073188664390282905,142.15902691356683,30.689902170330235,0.696945967110415,0.13734258537582453,Harry
0.05556540354055339,332.6290609112186,43.19700367649065,0.8289578361177407,0.25883176077819403,Harry
0.04405443818640159,323.7766099321258,52.211529513918386,0.8830364058869093,0.261859562957988,Harry
0.03902370646848517,145.20237602685083,27.65597566188786,0.6682063125481139,0.1752476698751656,Harry
0.03288497383378972,117.11386338918372,24.16550528912229,0.7220956719817767,0.14408513222452554,Harry
0.047179271313249165,314.4664606255083,64.04969918132504,0.9395604395604396,0.2563055985966317,Harry
0.06179183956923735,323.1685287122071,61.16261396868769,0.9127105666156202,0.2470413903320032,Harry
0.03158774433514098,327.0564226636306,63.52679846931686,0.7331606217616581,0.16238428917069667,Harry
0.02936960233332235,325.8812979432695,61.704340370565696,0.6796805678793256,0.14827940984481602,Harry
0.0777075202674291,181.9969856547674,39.701009507427784,0.9072894550601557,0.23267464684436376,Harry
0.0455028856084395,175.33187467922002,43.67002290772175,0.8723252496433667,0.1927112159329486,Harry
0.026698102568707614,102.89833128796106,22.86843314696418,0.6025732666190136,0.17797923637476354,Harry
0.12634385703266532,244.79859131656966,36.38020218777835,0.8044895003620565,0.2679842018617847,Harry
0.09636511520346847,244.99804000674473,41.16404288326221,0.8264642082429501,0.2439870221357563,Harry
0.030237480446144386,186.53536425565676,49.53484115030984,0.8465690053970701,0.162342750137906,Harry
0.038545150756835934,190.69775570270474,49.87716088052247,0.8424289008455035,0.17185696341257117,Harry
0.027004317123524465,193.93748427446582,49.25321534487397,0.6608315098468271,0.08356039103991665,Harry
0.03258492717242449,190.30295271262153,51.729877145036106,0.6525855790240349,0.07396446354999661,Harry
0.03414654113643347,319.7341958534947,75.62224750887279,0.7494661921708186,0.20638943860561576,Harry
0.06358972229586332,280.5308575701924,62.326413837235265,0.8042212518195051,0.24705761709717192,Harry
0.011559335007521066,181.33780967816475,49.18028501155878,0.8754863813229572,0.16768960979484202,Harry
0.01857077371069807,112.26903967271079,18.25131504899386,0.7166172106824926,0.1820758288814552,Harry
0.008129354635758626,322.18468255003825,63.18536583698594,0.6853448275862069,0.17332391589356153,Harry
0.030224749338712623,169.62966992967233,38.21548382235995,0.680805176132279,0.1943362788367759,Harry
0.03997025218212785,160.9176138585351,28.52786108881339,0.6858789625360231,0.17775763099421826,Harry
0.008678250565087437,307.2699688747075,61.39240179194231,0.6722783389450057,0.17253134594996275,Harry
0.09695754701856989,186.7058977606141,36.76965308521254,0.58675799086758,0.2104130956315368,Harry
0.03639978521010455,315.62885649701775,39.347605677796594,0.62877030162413,0.17930761714379542,Harry
0.02811590732066624,335.8282927985964,43.57352998387553,0.6279969064191802,0.17671471814370882,Harry
0.04958045988182958,156.70751665133437,32.470706468874404,0.9102564102564102,0.17374810564767576,Harry
0.03438026186943218,144.73433359132977,28.953344043054923,0.936608557844691,0.1342042593251429,Harry
0.03624810296732364,336.50943309209964,64.00838026918488,0.8865606936416185,0.11427703857850267,Harry
0.0824881180837536,321.4915581470958,71.55562636863773,0.7342776203966006,0.23907966894857247,Harry
0.020151006564931538,173.8591621603742,36.710930178492,0.710334788937409,0.13491941117688633,Harry
0.025054602399929893,165.21849348478318,38.744329100848226,0.8138759172781854,0.1454828394983651,Harry
0.07631793829898387,226.69418849274103,83.83813343660786,0.4631061138439916,0.24098384433516903,Harry
0.07056203356976914,218.93438454266055,78.96531859234283,0.6200135226504395,0.2413775977713613,Harry
0.2573397269870088,324.0630146071769,53.56340342791104,0.7524467472654001,0.11351545734933699,Harry
0.022729471785861283,305.9225330325037,65.27007176375466,0.7231572838073128,0.14436485887012962,Harry
0.03415882043412416,303.7569167223577,64.50616944833605,0.7611036339165546,0.18005009194231417,Harry
0.006713923353415269,312.38948479970054,50.90781176088382,0.6132132132132132,0.12712917692099948,Harry
0.040591453964291785,297.0875834112854,52.69229601635885,0.7288542291541692,0.22410916644641196,Harry
0.044576484356147444,154.71361084991315,30.11126702470486,0.8472222222222222,0.15090390903967582,Harry
0.013737582352823987,152.8959528339083,26.482193394337067,0.8469230769230769,0.21711415380237567,Harry
0.023670276842619242,350.7138857403423,58.20632689813146,0.7279102384291725,0.27107761921150314,Harry
0.053578921066746624,179.3790374046534,47.89472360389863,0.850130890052356,0.2317342222239839,Harry
0.044631889214266064,205.4761999901901,52.14938161986203,0.7787794729542302,0.298901567968087,Harry
0.028803205828330597,189.52433893674782,50.75958804841825,0.6862871927554981,0.2614238577071383,Harry
0.027944246728773083,188.69908661970263,50.88718549314949,0.8806078147612156,0.22466610767276093,Harry
0.011944270352571257,185.94390098430546,49.43085951643872,0.9270449521002211,0.23865016157493962,Harry
0.029960567499297895,169.46850545905517,41.79850245300137,0.7308948399738733,0.1792253417123069,Harry
0.042416210642452705,159.1285246485246,38.84756639247773,0.6770007209805335,0.17754728625532706,Harry
0.018118691091321915,153.6104030511216,32.75564488788121,0.5179127725856698,0.13767022862124434,Harry
0.017864353001042162,138.5607544289423,22.435985484740254,0.8689043698543382,0.18202340254977234,Harry
0.037506023431007805,175.06356596738848,30.942763419377727,0.7818181818181819,0.17437200589850327,Harry
0.0438477340017914,177.2028427377829,29.096123046718276,0.7567185289957568,0.17303978578291063,Harry
0.036116032642487916,130.97852347128082,26.190529876604536,0.8706125258086718,0.10775399760874266,Harry
0.039720821936118936,194.42986020923487,45.49010376883016,0.7986289631533847,0.16540862656240363,Harry
0.01808217516213673,196.62264597939733,41.86845317390077,0.8670360110803325,0.15772130248863553,Harry
0.010559145609537761,182.59534835665391,35.32961222134503,0.6785437645236251,0.10644608892810271,Harry
0.09327621136010349,184.28007433844672,27.61140038554004,0.935163996948894,0.21891253632275842,Harry
0.062325450412439115,178.45192610743067,26.961858308099877,0.8952727272727272,0.2328115402556012,Harry
0.01718613432720577,202.5387781755349,48.50569011340738,0.6548100242522231,0.08948601216289268,Harry
0.047635817074208324,164.33353875699981,46.50579089309892,0.9190439475713185,0.1773469405600198,Harry
0.024677113449464133,161.6154408705464,33.19264309329629,0.9224865694551037,0.11278238768977418,Harry
0.044215278042031306,365.8844505108337,67.1024329402445,0.9002911208151383,0.2598339484834868,Harry
0.020025261716863703,308.9295034489532,73.435257631389,0.8132352941176471,0.200235212350057,Harry
0.023392869521813107,321.88345670959654,62.99542432929301,0.7455284552845528,0.1743619850892382,Harry
0.04187921310792205,194.83170833357838,48.995519891801656,0.7611622962437987,0.15729312800117756,Harry
0.049735375476833335,163.85411919117547,40.82885757915144,0.959480122324159,0.24836123865829465,Harry
0.04821043054130068,320.2838693621445,72.9979532498789,0.8076622361219703,0.2687733984361457,Harry
0.06833703514487276,331.8327253671149,76.05353550564058,0.893666927286943,0.2678705247710594,Harry
0.06257247659387474,317.1537809872744,73.28050264261005,0.7043719639139486,0.13359533916333394,Harry
0.009441110034838841,341.9953863626597,76.90409181762752,0.7732680195941217,0.16442887592243496,Harry
0.05423510193654712,161.49555590562844,31.60829939710791,0.6614397719173201,0.19157529219106165,Harry
0.0579140923801118,325.9946076308026,46.065605499162864,0.7675675675675676,0.2054198397234944,Harry
0.03162887411854172,375.8935165815358,43.26998823099131,0.7955625990491284,0.20603736093625505,Harry
0.01700669472762825,308.96378733168444,62.45947452693656,0.7269647696476965,0.09369583348355619,Harry
0.028983795002081324,312.9708852120507,63.88670557801861,0.7195704057279236,0.10081559018088214,Harry
0.053162610999256184,196.12113961687743,53.5391276107752,0.5809248554913294,0.13203530704569716,Harry
0.08582281145098773,281.8951787631044,74.87439806114105,0.8903474903474904,0.17746540781265466,Harry
0.04410131539695986,252.48979097659043,66.4657926868882,0.8190916089299461,0.215295966776003,Harry
0.033426909122709236,305.6480762424509,65.20976266279429,0.7086991221069433,0.2276420779177003,Harry
0.038379330962374815,180.160892457336,47.528620261077904,0.817925194071983,0.2101664661783403,Harry
0.0344831145933127,187.10941404729172,48.17483515914941,0.8016759776536313,0.2236716245235638,Harry
0.019725794497648982,190.41714893519108,50.8649835172735,0.7612859097127223,0.14733082370349523,Harry
0.04158081969991599,172.0606632081109,32.92419252699451,0.7419590643274854,0.14635777608912776,Harry
0.03209265963365978,325.7109838880641,57.544759254266594,0.7306648575305291,0.18302909368034753,Harry
0.0230608901410299,297.2791458649517,87.30041750473816,0.6948915325402379,0.17992179213723272,Harry
0.007413053956128842,148.27538681733427,19.817231458431245,0.48793215916503585,0.2731655559715801,Harry
0.008356024995987582,141.4600134421915,23.691486574044887,0.5,0.22973684269030625,Harry
0.055193565470971886,172.2544487103076,41.10116623898532,0.7824238128986535,0.12380639294693166,Harry
0.057793770634543475,169.6034513824152,42.474821779414256,0.8051209103840683,0.18036747792112867,Harry
0.013178610536077457,328.9608486887006,54.96141174312767,0.839824120603015,0.18198374148905253,Harry
0.02106782704778201,334.77976356675487,47.93427550944208,0.932806324110672,0.17907967953459472,Harry
0.022754171236550682,195.934638442924,38.93941131129772,0.7960122699386503,0.2905111922724458,Harry
0.054052053358190855,197.44723299305724,40.043533672480656,0.7284671532846715,0.20131904046847052,Harry
0.021925665847294475,360.4916549815512,49.34678130993168,0.6375579598145286,0.1795941519003037,Harry
0.025197326401133598,346.9040783604853,51.580162093983425,0.674633770239013,0.1684064571185931,Harry
0.0092157653238368,186.19608961127344,40.81719006609262,0.7792378449408672,0.1386469501273587,Harry
0.016891469822281218,176.70245542605892,31.43949322501958,0.7651734104046243,0.11300291063127359,Harry
0.07620662297355171,187.84823254872902,47.26938373420037,0.727807486631016,0.14315648471460296,Harry
0.13899390247165136,317.1312321828647,59.99435189517294,0.887509130752374,0.2448155826937922,Harry
0.15772122353206344,312.3528904423345,52.92370373758699,0.9195156695156695,0.2376887148105644,Harry
0.021846813834607414,209.4817917382089,66.86228185640367,0.7977941176470589,0.09990109574046872,Harry
0.04813898589262976,198.0752276627983,52.552497946150076,0.7653131452167928,0.1489595189950127,Harry
0.046927959161916354,202.1970966530651,58.863259583635504,0.8439971243709562,0.18529236921636227,Harry
0.008151588393794354,115.42237992574661,33.816236922800094,0.6803212851405622,0.1195775504086185,Harry
0.008465383245856764,114.29751748216836,31.151114550865294,0.6988326848249027,0.1230446389881933,Harry
0.0488382864620461,138.30788966633827,36.79428456956419,0.8211276733635774,0.25720507416721655,Harry
0.021375878711208354,177.00391137043374,47.36346402544104,0.7975543478260869,0.2069918388736385,Harry
0.010690099733743231,189.05040735150385,96.1742104214038,0.2728581713462923,0.22652945160248797,Harry
0.029124731458099195,324.1366753522836,70.61820289154566,0.8394975575715282,0.2021978872790952,Harry
0.022952747816078374,269.0750288860235,67.83468708872853,0.8424110384894699,0.1536752134552635,Harry
0.040321864320946525,192.5325373418392,40.57254162229548,0.852233676975945,0.1564066421602496,Harry
0.026937586679915578,323.5946038065052,69.55787116584584,0.7882262996941896,0.24295982610056566,Harry
0.03538570125265815,323.69743101569765,66.7088838416137,0.8064269319051263,0.2508829275411086,Harry
0.0012935172486048872,185.3282025325498,43.58833812019784,0.7864338482202821,0.11625767875645976,Harry
0.07318747215649622,180.66889069098562,39.40575822738138,0.8153745072273325,0.13048998208483578,Harry
0.03147937727154261,279.64654656220586,33.84743366875122,0.8369883040935673,0.30154714630557244,Harry
0.04234670639038086,315.82115131437627,59.33472954504053,0.8129907209136331,0.2731623219731268,Harry
0.04403550363805172,170.18043218775745,35.12667332529137,0.8293216630196937,0.11632404252499076,Harry
0.06654835984161689,186.10016119431592,49.592183490814385,0.8021828103683493,0.17411919104157644,Harry
0.10214947514471497,296.8062959168454,63.16131749587873,0.8343605546995377,0.23909096539727043,Harry
0.00680451857435648,312.37079764224495,70.2852114818764,0.8378378378378378,0.21196236930880838,Harry
0.03893653320145473,338.40015778039935,59.86606993719508,0.8378561736770692,0.2705161231308316,Harry
0.020760897158721026,338.6860756125625,56.35377735880861,0.805291723202171,0.2678834713136493,Harry
0.007497993740385667,108.77204853871427,20.180990856032523,0.48473837209302323,0.184518547621412,Harry
0.056762969591433815,333.90765152113056,67.81580719549785,0.7828054298642534,0.23902549218763622,Harry
0.07586243784483981,325.8081374449233,70.27138064742434,0.8188073394495413,0.2503078594858831,Harry
0.03491998402117575,185.3436996326366,37.625090180012265,0.8761609907120743,0.2121674327562294,Harry
0.02259927272427276,179.3354931567852,42.05490943533607,0.8630030959752322,0.21090178701558643,Harry
0.03187819683190548,130.7312823100961,31.309833834596308,0.6169568508705526,0.1492500674036822,Harry
0.03208275068373907,140.63198336093654,34.747190015823584,0.708550185873606,0.13483739104440487,Harry
0.019690139868223554,316.4404001529866,60.14350923896926,0.8310591293047433,0.11007936424090847,Harry
0.026078856477944196,319.9131181385581,59.45102082736536,0.8441388343156516,0.11610888252782231,Harry
0.08842545078821665,185.76996390633047,46.29212465392131,0.861890694239291,0.24708408267419144,Harry
0.044112392950296196,135.77556661386288,31.2352375686489,0.8502847843775427,0.3044486727690937,Harry
0.027153382398507498,312.73341026985815,60.670782306381206,0.6734550561797753,0.2190506686228261,Harry
0.05143384034335153,333.0522223061994,66.90979081331325,0.6710424710424711,0.2303617308600086,Harry
0.0454499360313025,284.0828836251872,58.904099764936475,0.7231245166279969,0.17427610461792165,Harry
0.03243179856166916,173.3552389001467,45.00638182189328,0.8587167854828257,0.25023457610603983,Harry
0.02317969603543148,163.6140247799286,31.891936080205493,0.9014423076923077,0.23782412654295665,Harry
0.0012537478183949468,187.87997306335006,45.38893985780422,0.5452065471551052,0.21730102057504266,Harry
0.033115811059931194,169.95590684528685,44.698292324490296,0.7501730103806228,0.17233092545509868,Harry
0.04874467888269707,135.20700723281334,24.995818725293244,0.8211702827087443,0.143297887723259,Harry
0.0333210719926268,141.43419095797134,28.420456865631543,0.8268839103869654,0.1523602239657462,Harry
0.024137947156370708,105.81824002886474,20.168317213378096,0.5022321428571429,0.0887696497882126,Harry
0.01996501489879103,123.43263175875356,23.604559349924703,0.7874015748031497,0.14409698119399095,Harry
0.08329472759287765,205.4485156956907,37.93851850285053,0.9210110584518167,0.21632700916687894,Harry
0.010388410133956659,212.4901738466449,38.66490243940797,0.8850820842255531,0.16345301237838267,Harry
0.057346192743857126,149.38193805876185,32.75462494780706,0.7355096602265156,0.12632112323847278,Harry
0.017847845370928053,139.21601920808087,34.02190268419114,0.492087415222306,0.27759048234836803,Harry
0.01579845845021893,142.2409052490839,33.93051919930602,0.5938897168405365,0.28079588218190593,Harry
0.004691796657697279,186.2788115317987,47.30162032119398,0.6939921392476137,0.1628970038765998,Starwars
0.0051011860299903945,190.46750733886682,58.480351146165866,0.7410870835768556,0.1524488340644433,Starwars
0.03476702240252506,245.8255881370509,35.66570031842218,0.7207837648705389,0.1251930457085246,Starwars
0.025589441560994717,244.88851942453283,40.37609901158608,0.718914845516202,0.11321350288591983,Starwars
0.015994188183517236,157.73778658658722,24.799094753027514,0.7653820148749155,0.1423255940236667,Starwars
0.06965801459206805,200.6630392880614,39.52884574310563,0.8425565081839439,0.1443069223136737,Starwars
0.019316021381618424,182.92689507313034,37.257974943240065,0.7636224098234843,0.15913803912334928,Starwars
0.06081145421255212,219.75148908104575,50.264045664175924,0.874325366229761,0.13488506963470911,Starwars
0.0820586159442494,223.93981013052112,51.1274645675523,0.8306213017751479,0.16646602847087497,Starwars
0.05599213366274089,197.69756210175788,59.30051655268566,0.7237949502677888,0.12456588093678425,Starwars
0.0430400013844855,185.9501168411595,40.65148945327932,0.8309114927344782,0.15218795119928843,Starwars
0.03012944515894889,155.78672331197495,24.622265144564228,0.8015384615384615,0.16070955047572627,Starwars
0.039926097576434796,163.39922532278115,28.946484297911038,0.8178324365872406,0.17838954369253862,Starwars
0.035847270764032484,144.64713490382692,33.74198612336121,0.6736196319018405,0.13917920678947723,Starwars
0.019029123124392925,147.03772089369005,38.33758495764733,0.72552783109405,0.11916537581821207,Starwars
0.015739050645094652,301.623233269349,54.64276299091703,0.7940046118370484,0.08601154831579283,Starwars
0.018728106341486903,253.43895098125554,30.184789917326682,0.8160123171670516,0.1037743160880274,Starwars
0.020819662258650447,314.3202061517203,51.0071677171583,0.8725274725274725,0.15402647176408313,Starwars
0.009729252960930098,362.77796172003553,65.58402745500156,0.848990953375087,0.18943560032952894,Starwars
0.027768564473896126,129.54563919062625,23.000725190320534,0.5310660562459124,0.0783492628828346,Starwars
0.0257338738769517,135.99531910284557,25.92490015720889,0.5785714285714286,0.07686616627477297,Starwars
0.03736805267608263,169.84523555590596,40.68432485366749,0.7807407407407407,0.20360440070047994,Starwars
0.029146190199539894,165.8218195982893,41.71328609000587,0.6968162083936325,0.19801226491318985,Starwars
0.023772365400639574,171.89564764280556,37.95818305195481,0.6639004149377593,0.1873201642005344,Starwars
0.10721347523057533,345.7160315296997,57.56188125365041,0.8866906474820144,0.23883440654061885,Starwars
0.046961069107055664,170.64237421656404,33.958158771175015,0.7553675992192583,0.1584023192969541,Starwars
0.03912497063477834,170.1211552208135,40.63331430769921,0.6896551724137931,0.1895303897049171,Starwars
0.014587985594760497,172.7799984269953,38.43520444438732,0.8773148148148148,0.12413821112827121,Starwars
0.031690088688585104,165.1076554503212,32.45693004565428,0.8614318706697459,0.1922436771550741,Starwars
0.02331191310869838,300.3587965457243,47.44584751546103,0.7638700947225981,0.09190465823135033,Starwars
0.009041673612274608,136.400487544273,46.46176562917798,0.6676970633693973,0.11765934594578349,Starwars
0.00836640802154195,128.61594870736636,32.80246850361021,0.6927244582043344,0.10747732152949331,Starwars
0.03049796033434991,187.1179732224578,24.220119163253525,0.7543859649122807,0.10781463777900664,Starwars
0.04519225830531225,129.7410813165547,18.03461628154252,0.7713884992987378,0.14690572236596217,Starwars
0.03855437884047695,180.4770652732909,30.695198560627336,0.9211212516297262,0.20454131833623665,Starwars
0.049560048614836455,126.98136239179715,13.800081959247933,0.7745839636913767,0.12648021969380732,Starwars
0.016918659508642696,245.58852171558988,58.6306641875184,0.8161010260457774,0.18856094411843485,Starwars
0.030305250124995863,199.27626372750598,30.484311196303352,0.7810539523212046,0.09112155240788,Starwars
0.02067340404130544,200.71172861591685,28.955811936677453,0.7414664981036663,0.09852574984411604,Starwars
0.002617017215954716,139.73524076096723,27.40049840071861,0.6993180409175449,0.21223672009182595,Starwars
0.04317120007974177,147.05936754279915,24.99979218557097,0.6536277602523659,0.23091054288552568,Starwars
0.05103051379547563,150.07609893251959,39.135255858565934,0.9291747888239116,0.261875246941874,Starwars
0.009450701336571258,162.74137028126037,25.64976126841567,0.6699029126213593,0.22659013995806812,Starwars
0.0030682119590511765,158.84216568724247,25.816348249388795,0.8193465727098014,0.21937570952781307,Starwars
0.056367266447254226,219.3120821472985,51.815542697981115,0.8013910355486863,0.1511417798640754,Starwars
0.0024397228758759296,265.8056423946523,46.784176812643615,0.7494252873563219,0.2122136642459387,Starwars
0.024522429605176466,174.9653036343564,51.000230264332444,0.8287620459599704,0.20566494054521367,Starwars
0.021856002701595982,131.47926890305612,27.985452544938166,0.6671619613670133,0.1280173585691783,Starwars
0.05298866155794873,246.17940322005188,70.985215915418,0.8060863411181882,0.14741190936466683,Starwars
0.05380871000693842,241.06378798586636,67.6306969237522,0.7899778924097274,0.17234609730194167,Starwars
0.05847294636637682,186.86333477138436,38.14586486569994,0.8433179723502304,0.1260591063559492,Starwars
0.02803094640278325,172.64922297124923,26.492424538362485,0.7326440177252584,0.1740117395942679,Starwars
0.021642886046587626,183.18964205218444,29.65903723393631,0.6484560570071259,0.18132121589342512,Starwars
0.024476148326927124,237.03475721545973,69.6945206102077,0.8064516129032258,0.1511800859918274,Starwars
0.018350450668988532,206.549065795444,60.639834633957086,0.8324503311258278,0.14351436265963896,Starwars
0.006782845477711772,130.3936162311675,40.635675214419074,0.04585152838427948,0.2110493112269389,Starwars
0.019207447830777342,180.93524321034585,44.1185247111225,0.7653374233128835,0.08239996586512674,Starwars
0.017203376878971176,168.53403768511308,37.60165043698087,0.7588014981273409,0.08604797152479586,Starwars
0.02527153243852046,165.00769074740876,45.838449264569995,0.8478924862553452,0.13751210109951784,Starwars
0.02897157911630787,134.16824224852564,33.74557933204369,0.7965686274509803,0.15225076391154138,Starwars
0.028811319811303714,120.10941378117475,27.386553076608852,0.6568877551020408,0.17238293071145772,Starwars
0.02754546144805763,282.04468049667895,40.01844532859768,0.830622009569378,0.20649557991413206,Starwars
0.0484738496832827,126.57392411165293,32.29822995443604,0.7635658914728682,0.2187432467454638,Starwars
0.4342893062644453,240.98715319377874,67.81527115742745,0.8937644341801386,0.12376369453616394,Starwars
0.2307225314586736,234.5037709503306,61.34681878574421,0.8894009216589862,0.11009838984124519,Starwars
0.012278842486544138,212.09001201059132,34.63620868275236,0.9409056024558711,0.17186301931678094,Starwars
0.02254011708688049,211.10740633772753,30.52622148801434,0.9675174013921114,0.13451391875837176,Starwars
0.052534176711630215,259.4555461503163,56.818761896883366,0.7041461700632466,0.2198119605795131,Starwars
0.042224834674828154,243.36748276018565,56.35483370788234,0.7986453201970444,0.26401969873911646,Starwars
0.050047211527990035,242.2557771133827,56.596901169245,0.7599510104102878,0.2521728058251695,Starwars
0.02533452097216177,246.8875248194971,43.39193896845429,0.6758280479210712,0.21593253081501151,Starwars
0.02593493158105745,252.8352672627097,38.05810965069442,0.6508833922261484,0.20660149338832817,Starwars
0.02481102872079383,140.34353587226826,30.745844700294704,0.8804483188044832,0.14058544263038877,Starwars
0.08766500438687945,183.2255930774478,46.949357958708624,0.8485940879596251,0.13397554467871373,Starwars
0.0009984904498791173,123.71171739809353,23.109548743387528,0.6328626444159179,0.09710752545972451,Starwars
0.0013420280277064032,127.48532995003632,30.09320356896902,0.5275310834813499,0.09848250238809982,Starwars
0.02601000299591616,153.11838996352432,18.091402676284186,0.6848602988953866,0.12467922621073793,Starwars
0.006927787867297358,278.70334955607836,44.466747995089804,0.8684640522875817,0.2132173533626358,Starwars
0.02520441829169318,236.20324243287712,62.35577975855243,0.557648831951771,0.18505651530673853,Starwars
0.04025812475400279,228.41991721706768,58.7134024465182,0.7218844984802432,0.15840412052275207,Starwars
0.05421735744665165,353.45356947147894,61.15118981949766,0.8354978354978355,0.19282243627589465,Starwars
0.04229741975328351,236.84092760536728,46.9975684566891,0.7440890125173852,0.10461964907195193,Starwars
0.028452055571489113,230.2096213588274,43.66120938068548,0.8224981738495252,0.10523785788433535,Starwars
0.024703363405135213,139.18640505624265,23.662271231078783,0.6256263421617753,0.17795549454637777,Starwars
0.04460831525363403,149.09732719487727,38.13221867589881,0.7961867192636424,0.1813400591839045,Starwars
0.018343875011315347,130.542076450739,27.016722531278273,0.7322335025380711,0.07737631866361688,Starwars
0.10726904221490723,210.61800673346335,35.49529726567512,0.7890835579514824,0.16587054026050527,Starwars
0.03887512226389607,126.92580024670066,34.86876246469426,0.7514619883040936,0.15032551616492296,Starwars
0.06700163219564033,157.58481168547053,33.78425936112883,0.7781155015197568,0.11934257728732586,Starwars
0.02635712278182127,179.71663469612437,32.87152025138325,0.8715384615384615,0.14860490190986952,Starwars
0.026653910212161545,180.88707243173405,32.126428271627766,0.857033051498847,0.17251833903044972,Starwars
0.02134137040084855,146.394777402869,34.21124640927504,0.5711218464841653,0.2721184973157679,Starwars
0.016637160936500042,258.7348729688287,64.38194893387444,0.7474903474903475,0.10140604753560413,Starwars
0.031115825246253743,255.29057471264548,62.92383596767141,0.7961389961389962,0.11982458832691283,Starwars
0.08850449131613963,160.548675501277,28.677197325225944,0.7588813303099018,0.13180928071007667,Starwars
0.02050327707980048,232.05047434648407,49.39900793895053,0.7910447761194029,0.17621252986646024,Starwars
0.02089617531200003,207.42321767220687,15.56802297471888,0.7209838585703305,0.21422424208108526,Starwars
0.007753801674469064,186.98380275583804,16.388226099584365,0.8451612903225807,0.14393608408740105,Starwars
0.02043351961888176,246.7815268109141,65.7379709247509,0.7639419404125286,0.18782668164281285,Starwars
0.04537362053852378,132.51471656575129,21.41510355702096,0.6110429447852761,0.16697629267696246,Starwars
0.007118772952331513,171.94522894688154,27.635399932858096,0.772591262716936,0.22052401278142106,Starwars
0.008846090428113433,248.08831141123423,68.43442522628588,0.9058641975308642,0.11851016995739769,Starwars
0.03930432957812653,122.61262852626464,20.014846152388248,0.7134009009009009,0.14378833751524528,Starwars
0.04435191587654128,413.2844175713629,38.76294164625231,0.5160273252758802,0.21784980456961253,Starwars
0.02473716716305424,125.67215053081591,31.182559413708656,0.6612632755729457,0.07732818482704118,Starwars
0.008993942021196438,114.69958928081026,27.51543620116809,0.3511943189154293,0.13582156344075422,Starwars
0.052035180171917356,336.72561270745547,70.46079276184206,0.8337182448036952,0.204183738818851,Starwars
0.04870692527376879,252.24805077921684,65.28194989422687,0.8459167950693375,0.2511134146430151,Starwars
0.05524540901918242,251.69227435187383,66.52768929126526,0.8123076923076923,0.24397197579650073,Starwars
0.051195362636726166,215.22830006362122,49.94707548470701,0.7838651414810355,0.12861242845013063,Starwars
0.038739408049216786,212.87566529402224,53.60935197591692,0.9000757002271007,0.28472441786217206,Starwars
0.006117571448403821,228.1853122246692,41.131034651163866,0.7307979120059657,0.0930052006998518,Starwars
0.02141541365745821,214.6161583135021,46.45727739925696,0.7455357142857143,0.12496156011935924,Starwars
0.029704861371935037,115.79825354441952,42.94924239310096,0.9136163982430454,0.25481513927704325,Starwars
0.030004200177446216,112.16479222520861,43.354080348484814,0.8939051918735892,0.2585247834488653,Starwars
0.036303909766461126,316.36591382014205,50.38644432796392,0.5753946652150245,0.19468280860815443,Starwars
0.03660019330790454,232.73576013020428,21.612108793136528,0.8275862068965517,0.2209045955755458,Starwars
0.023260873051012976,133.73843960598984,25.883656338262345,0.8021680216802168,0.19881240148105134,Starwars
0.018407443038141704,129.29050470042029,26.22185472666957,0.7588315217391305,0.21624479001059332,Starwars
0.03068836133804909,231.91375405984292,57.401120249686734,0.7984678845020624,0.15277345139266746,Starwars
0.029797318012773043,237.3648898080574,61.628753089813955,0.7700650759219089,0.16275223878281464,Starwars
0.03822265497270278,141.02785085125544,20.98521820073335,0.6924066924066924,0.12153103489954695,Starwars
0.010604704086704088,135.05295837025324,31.06818657761937,0.6722505462490895,0.11079062260952048,Starwars
0.031115103691291165,165.67695829634573,28.613896102248773,0.7898465171192444,0.19337848855655376,Starwars
0.02925290868077821,146.40158277655152,17.517570637478528,0.8619676945668135,0.1997183116479189,Starwars
0.017753394674517937,231.43247786478076,57.35907142960142,0.7746891002194587,0.212052846050257,Starwars
0.016626842709756576,256.61422669476184,74.2314455192217,0.7759522031366691,0.13850349196261846,Starwars
0.02378342024242605,256.64379537410326,72.3783655434063,0.8375286041189931,0.13896946269159577,Starwars
0.029619963534499763,234.41475852287118,63.32042305431067,0.8552955665024631,0.21714499957197286,Starwars
0.033207495351047535,234.54822137243804,61.66476104398478,0.8551153163808397,0.21391720118389443,Starwars
0.03299311799620508,204.4156917556172,31.025920451759983,0.8326300984528833,0.21933785115725227,Starwars
0.04258139738235368,162.7701569123015,31.833148750801417,0.6583143507972665,0.1721789182365963,Starwars
0.028229671622456442,163.23985415747552,37.27791520508361,0.6727410782080486,0.13777993611555595,Starwars
0.029537441511747663,217.3592469373613,62.60688451923526,0.7708649468892261,0.1258902602885199,Starwars
0.030034443273914187,318.66857072555445,71.09100053045402,0.7772474144789181,0.11111069960884441,Starwars
0.049483845367503894,318.58794948738995,74.68305381899202,0.8241469816272966,0.12868864536636843,Starwars
0.02341122975812968,120.16167665704663,25.728720962320285,0.6204819277108434,0.21203115366610825,Starwars
0.04364651516943856,224.37747883343076,48.83473731226492,0.680622009569378,0.15608269515444567,Starwars
0.014308292019751765,285.3509042521901,66.49850133014787,0.7491940683430045,0.21235941151842327,Starwars
0.04833645399340289,356.8648778345521,71.0351643046374,0.5694177863083814,0.24874272679345358,Starwars
0.01980492550096194,246.2226171584204,61.448771165663075,0.8747203579418344,0.18191394788329646,Starwars
0.02570433983245025,243.65059987062043,66.35876538744195,0.9224583572659392,0.14252460016040264,Starwars
0.01737752831039256,122.90732200358443,26.831519210421693,0.7335264301230991,0.16046904943627793,Starwars
0.10198496179381862,277.64770765508814,44.764451097390626,0.8988183161004432,0.2075439366741743,Starwars
0.5430468431745639,152.35946627706446,31.75665337395157,0.7071240105540897,0.17229576709021466,Starwars
0.5407423906798992,168.11951165433553,39.690192943936275,0.713946117274168,0.15075557581363777,Starwars
0.005658397907529779,275.1319300574915,42.577687620049915,0.6281951975213013,0.0651131666229918,Starwars
0.026747691415817555,266.7890189679149,44.991527720480576,0.634090909090909,0.06638904780860853,Starwars
0.019267288915066797,130.92087728264497,17.66383467924281,0.6982823002240478,0.1801274101200421,Starwars
0.03156515165864084,124.13015198247747,22.203950651265473,0.7870662460567823,0.12999441438391476,Starwars
0.03191360894841832,338.57148238077775,60.07910668229904,0.7332935560859188,0.12629259295211318,Starwars
0.040055085580617794,339.46215690373435,57.18198830921808,0.7556962025316456,0.10699053406285476,Starwars
0.03989066262085319,307.010725106972,55.59098937010408,0.803156146179402,0.16451752090962923,Starwars
0.04212456147519381,304.3899147575473,57.56355294297489,0.7326892109500805,0.13896869138528964,Starwars
0.06003253248306794,187.01141392324854,38.51075973076006,0.8647512263489839,0.1844213393815667,Starwars
0.04382257291209343,228.4794173216374,64.15506910168179,0.819213313161876,0.19363038511422523,Starwars
0.029549825401751054,118.9058810315743,31.48222030247903,0.6477132262051916,0.11281704434931208,Starwars
0.05847575783537092,251.437417705035,38.97284729153826,0.8082191780821918,0.11590992656817603,Starwars
0.05127539590707525,242.96598449088796,33.57316371552847,0.8132267441860465,0.12828499659805223,Starwars
0.04693496080092442,240.55075453486228,66.71583999583424,0.8558211256746338,0.15039092851564992,Starwars
0.038518980408887696,233.3431970479356,62.33663728479851,0.8494623655913979,0.15518784587098888,Starwars
0.014520933302114061,220.76293367157066,62.860021068522094,0.6439649359406608,0.08490701893717559,Starwars
0.025459644115004253,244.96881391041222,70.90573988424059,0.6105407255304586,0.08125300608730798,Starwars
0.02715050827416672,299.2448548793511,77.53863026762639,0.6586646661665416,0.1470708915309408,Starwars
0.04277047605139762,306.8763617863628,66.04285758027277,0.6577181208053692,0.1426903676076787,Starwars
0.006504351619661688,214.89518986624614,52.96828317418838,0.8278247501921598,0.1252895383781131,Starwars
0.025520548960817638,125.79572632261069,25.122329536778878,0.6698564593301436,0.12250865786853667,Starwars
0.0047663944636697686,175.09033729841252,30.990902885827524,0.5613910574875799,0.16270286039265253,Starwars
0.01834396659964924,151.9756986174656,29.49220213024961,0.678419452887538,0.11509836341949259,Starwars
0.03493977449808602,154.4734015960057,29.45519972313127,0.8142265193370166,0.11599690958515589,Starwars
0.018513275954984053,345.8743262427674,61.50310498930786,0.7617148554336989,0.12466540102974735,Starwars
0.19453874915333028,146.9867152557717,12.747063358947447,0.7830528846153846,0.1744227584533598,Starwars
0.025992113866923766,298.1550057864039,32.48975072514025,0.6676946800308404,0.20004606061914706,Starwars
0.02394881115609278,294.75679826639544,29.32256826466243,0.7764887857695282,0.2021427173434404,Starwars
0.04804428029449392,207.90099850139083,43.35068226931944,0.7476708074534162,0.13030524693141404,Starwars
0.04666961208397489,203.46961993517283,45.73856563833906,0.7815646785437645,0.12005119494693121,Starwars
0.028499227174570863,241.70179804881613,20.043908549729796,0.911169744942832,0.09097057501561931,Starwars
0.05006632713331186,234.44005089636642,18.69987215626491,0.8570183086312119,0.0984171229032468,Starwars
0.0012335245615141732,330.56570326446956,62.57092196109806,0.7304029304029304,0.19204854028880067,Starwars
0.02524713089022196,139.45499881859143,23.349852504406204,0.7760736196319018,0.13876062702666725,Starwars
0.006930124980366498,136.3641178105354,28.416654854625474,0.6722767648433847,0.13448370483413216,Starwars
0.08950150296939668,267.88322172533174,65.09144188019708,0.7084659452577976,0.200547240873101,Starwars
0.04953386956936382,257.81459353163586,64.65305107185702,0.6824703680598877,0.2062369927815432,Starwars
0.3910348373632028,304.29390628685275,46.47735455947535,0.7210095497953616,0.09706640369946228,Starwars
0.04784811969961323,239.21647558053547,63.4403399706002,0.8807106598984772,0.13309317597900167,Starwars
0.015865700527497088,237.33889503673262,58.84073190907895,0.8262253341820497,0.12044023237313041,Starwars
0.017924451199666996,313.8911521956927,45.381124993406495,0.8412582297000731,0.23163838809761628,Starwars
0.0032947460810343423,292.96494218221017,39.55895045535866,0.7343862167982771,0.1570244692181776,Starwars
0.01806379892188478,148.41012537577012,15.844454097334975,0.6419379258137774,0.16303152437831084,Starwars
0.0114082633580011,153.77417430125973,27.22880347708374,0.6263237518910741,0.16154483475281395,Starwars
0.019156073632215248,369.8765145708866,52.32175592737459,0.6888341543513957,0.16046691568289326,Starwars
0.042772965111702234,224.13537028099904,50.43614456626172,0.8303914044512664,0.12926659171390942,Starwars
0.015572348729506138,125.60342020887198,33.153872434610186,0.7192151556156969,0.23740351375627186,Starwars
0.020194154621104545,129.32804216570878,37.96462948064963,0.7197998570407433,0.23019618093614086,Starwars
0.026949204559037605,230.4597439366954,62.424170743459136,0.8601602330662782,0.1942201293832929,Starwars
0.017975913898707136,232.14083281124624,64.72897543093549,0.8658806190125277,0.19707959751116214,Starwars
0.021062508205000427,155.25186479639697,23.647357475759073,0.7470870459218643,0.17529567073399704,Starwars
0.040725455466878537,137.37061638063,25.44965862462096,0.6852367688022284,0.15266550313949423,Starwars
0.027695058549290504,162.57103450841504,32.70203622568251,0.8243670886075949,0.16924524432775834,Starwars
0.03253625972596875,162.7802527396989,37.414487024930175,0.8463949843260188,0.158005601028604,Starwars
0.025317488652352855,208.38569506728587,26.996780660852497,0.7614879649890591,0.17484061110873722,Starwars
0.03780061415025404,203.07772350079415,30.29168874215768,0.7945492662473794,0.18015434269611344,Starwars
0.02819455190385136,142.10808158688408,34.39796853218536,0.7405485544848036,0.07542732239790509,Starwars
0.020107239844858068,158.55203814643866,41.68784240373502,0.7611837577426015,0.07691369408945935,Starwars
0.01579169051532209,203.382467450799,50.199718743624594,0.7728557964184731,0.0764220217508665,Starwars
0.018111566708815283,205.00246288637933,50.16086939923425,0.7758775877587759,0.07429308845623799,Starwars
0.018990298988753818,166.5732498398477,25.136945288495948,0.7023121387283237,0.18239674793572605,Starwars
0.024953613857202715,205.0315223351753,32.459485357509216,0.8624624624624625,0.10342508084337663,Starwars
0.02567231440219647,200.2226738074902,35.97414710257477,0.8626847290640394,0.11083341713205608,Starwars
0.04007386946810104,240.92053853790898,67.06687083973847,0.7251289609432572,0.11117179087775152,Starwars
0.028417039596639843,172.3213562890637,47.824540570087144,0.8884615384615384,0.11877400010008352,Starwars
0.025253950060396727,167.4694231172911,37.162161835112414,0.8684615384615385,0.13814057615323677,Starwars
0.01571139902893132,317.0681574883252,68.02701173682773,0.8856485034535687,0.20116826632617588,Starwars
0.015397213503191218,355.16740990577244,64.03303974684422,0.8657513348588863,0.19247920693187737,Starwars
0.021387811398477716,299.35561161413796,58.507143997169656,0.6695059625212947,0.17318940662059878,Starwars
0.027591470521787054,231.12266231911497,63.0361534307291,0.7846738442051931,0.16188182247043856,Starwars
0.054697265813697354,171.58639958722898,49.42699287894633,0.9140684410646388,0.2129762638511939,Starwars
0.014951005492406437,283.082718550691,67.24592196716868,0.7425515660809778,0.2442322561790211,Starwars
0.017699143484133414,270.13235485201074,70.85534879153292,0.7521040550879877,0.2680723461647306,Starwars
0.026797314822066338,264.7948671340119,46.87917459425064,0.7939032471835653,0.15081690239374668,Starwars
0.03054344763643911,268.1769256712033,66.40274187244555,0.8326558265582655,0.14720222078800269,Starwars
0.032784963356244756,150.23831377300027,24.30551867817676,0.7226123595505618,0.10037291499364087,Starwars
0.020466409498734406,315.1730545846287,53.95357940733229,0.7098445595854922,0.19290090422340328,Starwars
0.09207339329975825,332.51433616463703,49.91296980408481,0.8594319009468318,0.23960241680571034,Starwars
0.06346518149877195,262.9466859277349,51.37786574100287,0.8485026423957722,0.12403928023139107,Starwars
0.07029525107558926,268.10864704055206,54.69217536157447,0.823090178058587,0.12735056614097062,Starwars
0.07066999594590372,215.79544051010024,47.3601193743921,0.6405723905723906,0.14937555999459512,Starwars
0.03898480291453013,263.60199183961635,53.458473773853754,0.6618867924528302,0.12659917081287228,Starwars
0.05498225794938065,278.8321865217331,61.99426228346126,0.7206325301204819,0.13523447382690615,Starwars
0.025695569707031848,332.11889101281093,70.89016537007694,0.8389261744966443,0.2247606656839732,Starwars
0.04384034708005573,231.86414291979264,65.64018141876332,0.7563025210084033,0.18834853467472196,Starwars
0.04093199797323986,206.56211306235852,48.31565746411728,0.7888111888111888,0.24890592110742457,Starwars
0.03386737606961358,178.17646240285347,49.58557522290188,0.7687296416938111,0.19704810437294445,Starwars
0.08104278433288749,184.1708132891222,34.19405053829794,0.768790264853257,0.13021301850180586,Starwars
0.05310056359067474,331.21578533454266,56.377093126532884,0.8278867102396514,0.24359948869590156,Starwars
0.01888022149505348,322.58475707979323,76.69834278532484,0.5831485587583148,0.13971486932628308,Starwars
0.00806873245974389,161.97240230786784,22.63625736921886,0.6334688346883469,0.10559637177276239,Starwars
0.01526480768429723,155.0751527326285,21.27490718286378,0.5547445255474452,0.12714979223325523,Starwars
0.03925433057348799,151.9530431756715,28.91101974623773,0.8037190082644629,0.1558488015069064,Starwars
0.057596722719406745,153.26998753774706,31.493010169543794,0.8416058394160584,0.19694590595968597,Starwars
0.010327169975323312,265.18357805820665,38.62564180674142,0.8869509043927648,0.15126316096441741,Starwars
0.010326133448318729,265.1728068036001,38.63804980146377,0.8869509043927648,0.15126910980274452,Starwars
0.003454953896726418,193.57857153243702,41.55935578414545,0.6638526477359938,0.20822974106399395,Starwars
0.01784149761390206,173.32726922402387,48.20417648413803,0.6607828089025326,0.1765838712921309,Starwars
0.03390490567120518,258.93604250593063,72.72474320804804,0.7756024096385542,0.14386535749607537,Starwars
0.028087168192903682,258.31202385635476,71.47282553900214,0.745575221238938,0.20286211852337488,Starwars
0.015365366015775124,290.1776752761147,36.73565790499751,0.7135176651305684,0.09488351094956698,Starwars
0.022838613085787145,291.45226085965476,39.698440692484645,0.7184615384615385,0.09560174740626234,Starwars
0.014228731753019903,189.22985447146786,39.568533364057686,0.8096862210095498,0.11948328971177637,Starwars
0.012943386459924256,204.1290193743616,38.47592028343977,0.8608278344331134,0.16728802352425562,Starwars
0.039173978321442746,121.05936274533143,31.998645572510117,0.7074866310160428,0.14593785498407538,Starwars
0.1081053544464199,353.15141353782184,66.9618548542259,0.9142228739002932,0.2323229742257163,Starwars
0.10783689613707538,317.4024379896322,56.15003158099382,0.902370990237099,0.2435561087300215,Starwars
0.08646869586080091,218.752803897008,32.92876733652081,0.7984822934232715,0.10403679292597515,Starwars
0.03468744476283986,159.21147551325114,44.67932854548604,0.6122853368560106,0.11568056353158139,Starwars
0.032898432219169646,199.26533585982952,51.3573721690941,0.6410048622366289,0.15230831441547074,Starwars
0.013413163185845954,127.27326246433502,32.75888348825534,0.6778210116731518,0.08932297860743461,Starwars
0.008494475633950328,126.82386220359881,34.32771099608117,0.665090622537431,0.1029438162250724,Starwars
0.02970995523434946,391.5003615896757,28.445600668591673,0.6133578431372549,0.26165196328821083,Starwars
0.021473474568824934,408.38810766720025,25.483341588940352,0.5503315250150693,0.25779842135388936,Starwars
0.023320817213792068,170.48163607771804,36.75782056662807,0.6272098385857033,0.22117359283092686,Starwars
0.027443023090238793,168.08132874077563,38.349271837017675,0.65220700152207,0.1892583877681579,Starwars
0.037861621397565416,238.1022865672239,71.97370719381256,0.8819599109131403,0.12700487969618876,Starwars
0.022464141476287412,214.651092571595,63.367597713256025,0.8309859154929577,0.1912348118067393,Starwars
0.013389970457124579,199.8275151470616,30.32069425746278,0.7356401384083044,0.12389893806604316,Starwars
0.037940214750586676,265.5241963882915,61.88818315827063,0.7993850883935434,0.21368014160949236,Starwars
0.05342183587656719,258.836600998069,58.040087648507246,0.8182515337423313,0.20818908423188692,Starwars
0.017273207497289386,130.04282583082784,35.18631317619012,0.744397334948516,0.07074794479416144,Starwars
0.026701997803654946,126.22588011202473,30.3037685056785,0.7189582071471835,0.06803609018147737,Starwars
0.027102415864271433,297.731193381643,27.938566630198988,0.7609756097560976,0.276453315633319,Starwars
0.05998503863649782,259.85439608615854,57.488975481181555,0.5402877697841727,0.27149653899776977,Starwars
0.021501224224384014,186.8178785903793,105.9685583734502,0.6756341275941583,0.0921919383217,Starwars
0.02761265684178226,122.10246794164173,29.99618850874984,0.7075471698113207,0.16041719633762763,Starwars
0.0515282637559326,313.68045612426994,53.049873230496424,0.8333333333333334,0.23775020853389703,Starwars
0.05902425304706015,322.1095131083527,64.03586326468461,0.8366718027734977,0.23019090411656387,Starwars
0.04700739080184278,251.45839377346425,33.48639163268926,0.7490118577075099,0.10631328814006392,Starwars
0.042354436491751954,260.3034710274714,34.27563015255006,0.7198162729658792,0.08727028840043984,Starwars
0.031028722221121137,142.1936463327884,20.07934472721478,0.7728613569321534,0.0949752338621653,Starwars
0.0247476388810518,294.2178589667537,69.70521304985782,0.8297380585516179,0.22507031448332768,Starwars
0.061436901123835506,284.21120462197626,61.61114319262411,0.8096699923254029,0.2053548499215665,Starwars
0.014455972578431358,192.14090402498917,37.50992798145398,0.8699690402476781,0.20358856961760008,Starwars
0.035789743862255516,188.72421208559567,28.830873647944284,0.8699690402476781,0.2088309625127218,Starwars
0.028462919272741645,127.72069615982927,25.838717425485978,0.6379440665154951,0.1252881974601354,Starwars
0.02659999480053131,119.53297131428103,21.208304450817632,0.6488721804511278,0.11254226107306395,Starwars
0.023778145543894222,247.638022167039,70.56157501565815,0.7054263565891473,0.08571031168331625,Starwars
0.02224195639700646,244.1774944357791,68.50099681131677,0.7896399241945673,0.09271712646015125,Starwars
0.09561540229938753,254.14964564438202,75.95526670677287,0.82560706401766,0.23077886866376654,Starwars
0.05566628285365159,137.23612649083583,29.73399111288378,0.7206840390879479,0.29999119174237276,Starwars
0.04434546295082456,143.98036272613564,44.57946536964791,0.6291079812206573,0.29293819385558634,Starwars
0.025389744685246393,246.18550063205868,62.10233947844587,0.6485074626865671,0.19174251398810832,Starwars
0.0326113295833903,304.9592129037987,69.2351095140603,0.8038461538461539,0.20388781522005434,Starwars
0.023512887345245734,274.8017538280287,58.742403118294575,0.7961977186311787,0.10049256664002221,Starwars
0.027987762749928733,194.40305249951987,58.919396563587924,0.8651477832512315,0.20763875571786292,Starwars
0.044444990089975094,141.41213569792825,20.489404225321795,0.8757062146892656,0.20539029684144755,Starwars
0.015163777730598668,224.9132746201351,50.53975730461656,0.4862316107129385,0.14926534725310342,Starwars
0.031154857000945897,238.5372790328285,66.46001716215669,0.6182950191570882,0.09647527471728294,Starwars
0.048474456413233995,145.96576617945675,39.05272588615854,0.7528691660290742,0.14068522033687467,Starwars
0.019458400858252636,128.88636987680837,31.97222378650179,0.8061780738946094,0.11281302763053512,Starwars
0.01655710327773523,105.15566664838249,20.033936186574234,0.5584795321637427,0.07251518399214324,Starwars
0.0264427931293586,125.92693116409076,19.097699443426187,0.7424135497529993,0.10748278778140352,Starwars
0.03255021086647696,123.39808809975321,17.654392048877067,0.6589724497393894,0.1008142658268019,Starwars
0.03461478941212286,236.7989959382754,49.977628609319424,0.8451776649746193,0.12630133407821523,Starwars
0.050940848043849477,224.782315200394,45.81176615934764,0.8565891472868217,0.12780347707585807,Starwars
0.02085778617945947,129.5422420213368,18.16706694704277,0.5858585858585859,0.09164099922754432,Starwars
0.027384043463714567,122.92975605037097,21.882265722826638,0.5388383484954513,0.0973779304210629,Starwars
0.03159541345648748,168.64755690574978,29.687796961200984,0.5888208269525268,0.25805130698106415,Starwars
0.040561626900845034,161.81064932216793,33.92279257197682,0.6420029895366218,0.264879144155683,Starwars
